audit_record_id,block_key,status,human_source_faithfulness,human_duplication_decision,human_generic_masking_decision,human_solution_leakage,human_comprehensibility,human_notes
541204399e9a7c1a1d1350b1,03d24e1f3f0d2e26d3310901,PENDING_HUMAN_REVIEW,,,,,,
c9ebf340753d14a45fddcded,0b45eca86417b0828be5ee61,PENDING_HUMAN_REVIEW,,,,,,
e33e374ab1fb2d6ed6f7945a,0c6669318c4b2016c0db9d95,PENDING_HUMAN_REVIEW,,,,,,
8e728890c5014fe50df3301d,14fd07d3eba29a1569a38a44,PENDING_HUMAN_REVIEW,,,,,,
c59e5c62ee3a049f5dd39839,254f17109e7eaeb5bb6043da,PENDING_HUMAN_REVIEW,,,,,,
1fee7406fa8c416ec74046af,2d5366323b2629e2f0a6863c,PENDING_HUMAN_REVIEW,,,,,,
1668a77450d05d0f66820e85,3028da58e4e7fb9b0bf4d280,PENDING_HUMAN_REVIEW,,,,,,
29a4829441be6fe68130b333,345b55b6ef513c049c91d1e1,PENDING_HUMAN_REVIEW,,,,,,
53ef0ee3a2c504f0307b69e4,462fb658f17ec65a917d8229,PENDING_HUMAN_REVIEW,,,,,,
ec82fb61773a3520dfc310bd,4844eeb62260f97d3459e381,PENDING_HUMAN_REVIEW,,,,,,
fcf01b17fd7311eefb09567d,4a6abaeabde5087f27e323b6,PENDING_HUMAN_REVIEW,,,,,,
3b981860cdd916aab0d83a48,55b7ed5ebdb443a7ab940634,PENDING_HUMAN_REVIEW,,,,,,
8de70a126e8bcbffb1b909ef,57f5a3ea670a3390e016b66d,PENDING_HUMAN_REVIEW,,,,,,
235d7009d7e97787daeb1fa4,5fbdb61b1a7e2f30e96d55fa,PENDING_HUMAN_REVIEW,,,,,,
a0fdca4e596919b5a5f9fe04,609d999b30a95d0e489c04cc,PENDING_HUMAN_REVIEW,,,,,,
0d24804279f7048079eca0d3,63a1fe69f0bda694366d8d96,PENDING_HUMAN_REVIEW,,,,,,
1607385ea15ecfe40c8afdd5,830a0ac7e58337d5e7378f46,PENDING_HUMAN_REVIEW,,,,,,
2486b7b9f07f95aa4eee930c,84a8473c90b77af4eb64cc4d,PENDING_HUMAN_REVIEW,,,,,,
44a0509a84c2f26a85098cb3,983a02092febcba7bfdbd2a2,PENDING_HUMAN_REVIEW,,,,,,
39c8f9064be19c231e05e5b3,aa4cc4ce24ed05e3d8ccff94,PENDING_HUMAN_REVIEW,,,,,,
8f9d72ebfb9093af22a95adf,bda17dd5675f437de73b5a12,PENDING_HUMAN_REVIEW,,,,,,
6fa309f7297934dcd90b92a3,ee2996e9bd6d12507b2a7aa6,PENDING_HUMAN_REVIEW,,,,,,
d2fdeb4e78dce4923bd66396,f362ba379cce557f3755d6e8,PENDING_HUMAN_REVIEW,,,,,,
db2595e8e61ecee1b87e0c08,fde622687185c7decf5178ca,PENDING_HUMAN_REVIEW,,,,,,
